[
  {
    "platform": "机构",
    "keywords": "医学",
    "max_year": 2022,
    "min_year": 2014,
    "page_size": 50,
    "have_start": 1,
    "have_end": 0,
    "max_page": 15,
    "is_running": 0,
    "level": 1,
    "cur_year": 2022,
    "spider_at": "win",
    "owning_account": "6849_超星1_西安交通大学"
  },
  {
    "platform": "机构",
    "keywords": "医院",
    "max_year": 2022,
    "min_year": 2014,
    "page_size": 50,
    "have_start": 1,
    "have_end": 0,
    "max_page": 15,
    "is_running": 1,
    "level": 1,
    "cur_year": 2020,
    "spider_at": "win",
    "owning_account": "6849_超星2_南京财经大学"
  },
  {
    "platform": "机构",
    "keywords": "外科",
    "max_year": 2022,
    "min_year": 2014,
    "page_size": 50,
    "have_start": 1,
    "have_end": 0,
    "max_page": 15,
    "is_running": 0,
    "level": 1,
    "cur_year": 2022,
    "spider_at": "win",
    "owning_account": "6849_超星3_华中科技大学"
  }
]