{"2022": [{"study_level": {"技术研究-临床研究": {"value": "132", "study_level_field": "人工标识码", "study_level_name": "技术研究-临床研究"}, "应用基础研究": {"value": "12", "study_level_field": "人工标识码", "study_level_name": "应用基础研究"}, "技术开发": {"value": "16", "study_level_field": "人工标识码", "study_level_name": "技术开发"}, "工程研究": {"value": "14", "study_level_field": "人工标识码", "study_level_name": "工程研究"}, "技术研究-临床医学试验研究": {"value": "131", "study_level_field": "人工标识码", "study_level_name": "技术研究-临床医学试验研究"}}, "subject_info": {"field": "专题子栏目代码", "value": "E064", "subject_name": "消化系统疾病"}}, {"study_level": {"技术研究-临床研究": {"value": "132", "study_level_field": "人工标识码", "study_level_name": "技术研究-临床研究"}, "应用基础研究": {"value": "12", "study_level_field": "人工标识码", "study_level_name": "应用基础研究"}, "技术开发": {"value": "16", "study_level_field": "人工标识码", "study_level_name": "技术开发"}, "工程研究": {"value": "14", "study_level_field": "人工标识码", "study_level_name": "工程研究"}}, "subject_info": {"field": "专题子栏目代码", "value": "E072", "subject_name": "肿瘤学"}}, {"study_level": {"技术研究-临床研究": {"value": "132", "study_level_field": "人工标识码", "study_level_name": "技术研究-临床研究"}, "技术开发": {"value": "16", "study_level_field": "人工标识码", "study_level_name": "技术开发"}, "实用工程技术": {"value": "17", "study_level_field": "人工标识码", "study_level_name": "实用工程技术"}, "工程研究": {"value": "14", "study_level_field": "人工标识码", "study_level_name": "工程研究"}, "应用基础研究": {"value": "12", "study_level_field": "人工标识码", "study_level_name": "应用基础研究"}}, "subject_info": {"field": "专题子栏目代码", "value": "E069", "subject_name": "儿科学"}}, {"study_level": {"技术研究-临床研究": {"value": "132", "study_level_field": "人工标识码", "study_level_name": "技术研究-临床研究"}, "技术开发": {"value": "16", "study_level_field": "人工标识码", "study_level_name": "技术开发"}, "实用工程技术": {"value": "17", "study_level_field": "人工标识码", "study_level_name": "实用工程技术"}, "应用基础研究": {"value": "12", "study_level_field": "人工标识码", "study_level_name": "应用基础研究"}}, "subject_info": {"field": "专题子栏目代码", "value": "E056", "subject_name": "中医学"}}, {"study_level": {"技术开发": {"value": "16", "study_level_field": "人工标识码", "study_level_name": "技术开发"}, "技术研究-临床研究": {"value": "132", "study_level_field": "人工标识码", "study_level_name": "技术研究-临床研究"}, "工程研究": {"value": "14", "study_level_field": "人工标识码", "study_level_name": "工程研究"}, "技术研究-临床医学试验研究": {"value": "131", "study_level_field": "人工标识码", "study_level_name": "技术研究-临床医学试验研究"}, "工程与项目管理": {"value": "15", "study_level_field": "人工标识码", "study_level_name": "工程与项目管理"}, "应用研究": {"value": "23", "study_level_field": "人工标识码", "study_level_name": "应用研究"}, "应用基础研究": {"value": "12", "study_level_field": "人工标识码", "study_level_name": "应用基础研究"}}, "subject_info": {"field": "专题子栏目代码", "value": "E060", "subject_name": "临床医学"}}, {"study_level": {"技术研究-临床研究": {"value": "132", "study_level_field": "人工标识码", "study_level_name": "技术研究-临床研究"}, "技术开发": {"value": "16", "study_level_field": "人工标识码", "study_level_name": "技术开发"}, "应用基础研究": {"value": "12", "study_level_field": "人工标识码", "study_level_name": "应用基础研究"}}, "subject_info": {"field": "专题子栏目代码", "value": "E066", "subject_name": "外科学"}}, {"study_level": {"应用基础研究": {"value": "12", "study_level_field": "人工标识码", "study_level_name": "应用基础研究"}, "技术开发": {"value": "16", "study_level_field": "人工标识码", "study_level_name": "技术开发"}}, "subject_info": {"field": "专题子栏目代码", "value": "E057", "subject_name": "中药学"}}, {"study_level": {"技术研究-临床研究": {"value": "132", "study_level_field": "人工标识码", "study_level_name": "技术研究-临床研究"}, "技术开发": {"value": "16", "study_level_field": "人工标识码", "study_level_name": "技术开发"}, "工程与项目管理": {"value": "15", "study_level_field": "人工标识码", "study_level_name": "工程与项目管理"}}, "subject_info": {"field": "专题子栏目代码", "value": "E061", "subject_name": "感染性疾病及传染病"}}, {"study_level": {"技术研究-临床研究": {"value": "132", "study_level_field": "人工标识码", "study_level_name": "技术研究-临床研究"}, "技术开发": {"value": "16", "study_level_field": "人工标识码", "study_level_name": "技术开发"}, "应用基础研究": {"value": "12", "study_level_field": "人工标识码", "study_level_name": "应用基础研究"}}, "subject_info": {"field": "专题子栏目代码", "value": "E065", "subject_name": "内分泌腺及全身性疾病"}}, {"study_level": {"技术研究-临床研究": {"value": "132", "study_level_field": "人工标识码", "study_level_name": "技术研究-临床研究"}, "技术开发": {"value": "16", "study_level_field": "人工标识码", "study_level_name": "技术开发"}}, "subject_info": {"field": "专题子栏目代码", "value": "E077", "subject_name": "急救医学"}}, {"study_level": {"学科教育教学": {"value": "1R", "study_level_field": "人工标识码", "study_level_name": "学科教育教学"}, "开发研究-管理研究": {"value": "243", "study_level_field": "人工标识码", "study_level_name": "开发研究-管理研究"}, "工程与项目管理": {"value": "15", "study_level_field": "人工标识码", "study_level_name": "工程与项目管理"}, "开发研究-业务研究": {"value": "244", "study_level_field": "人工标识码", "study_level_name": "开发研究-业务研究"}, "开发研究": {"value": "24", "study_level_field": "人工标识码", "study_level_name": "开发研究"}}, "subject_info": {"field": "专题子栏目代码", "value": "E054", "subject_name": "医学教育与医学边缘学科"}}, {"study_level": {"技术开发": {"value": "16", "study_level_field": "人工标识码", "study_level_name": "技术开发"}, "技术研究-临床研究": {"value": "132", "study_level_field": "人工标识码", "study_level_name": "技术研究-临床研究"}}, "subject_info": {"field": "专题子栏目代码", "value": "E062", "subject_name": "心血管系统疾病"}}, {"study_level": {"工程研究": {"value": "14", "study_level_field": "人工标识码", "study_level_name": "工程研究"}, "工程与项目管理": {"value": "15", "study_level_field": "人工标识码", "study_level_name": "工程与项目管理"}, "技术开发": {"value": "16", "study_level_field": "人工标识码", "study_level_name": "技术开发"}}, "subject_info": {"field": "专题子栏目代码", "value": "E053", "subject_name": "医药卫生方针政策与法律法规研究"}}, {"study_level": {"技术研究-临床研究": {"value": "132", "study_level_field": "人工标识码", "study_level_name": "技术研究-临床研究"}, "技术开发": {"value": "16", "study_level_field": "人工标识码", "study_level_name": "技术开发"}, "应用基础研究": {"value": "12", "study_level_field": "人工标识码", "study_level_name": "应用基础研究"}}, "subject_info": {"field": "专题子栏目代码", "value": "E079", "subject_name": "药学"}}, {"study_level": {"技术研究-临床研究": {"value": "132", "study_level_field": "人工标识码", "study_level_name": "技术研究-临床研究"}, "技术开发": {"value": "16", "study_level_field": "人工标识码", "study_level_name": "技术开发"}, "工程研究": {"value": "14", "study_level_field": "人工标识码", "study_level_name": "工程研究"}}, "subject_info": {"field": "专题子栏目代码", "value": "E070", "subject_name": "神经病学"}}, {"study_level": {"技术研究-临床研究": {"value": "132", "study_level_field": "人工标识码", "study_level_name": "技术研究-临床研究"}}, "subject_info": {"field": "专题子栏目代码", "value": "E063", "subject_name": "呼吸系统疾病"}}, {"study_level": {"开发研究-管理研究": {"value": "243", "study_level_field": "人工标识码", "study_level_name": "开发研究-管理研究"}, "工程与项目管理": {"value": "15", "study_level_field": "人工标识码", "study_level_name": "工程与项目管理"}, "开发研究-业务研究": {"value": "244", "study_level_field": "人工标识码", "study_level_name": "开发研究-业务研究"}, "开发研究": {"value": "24", "study_level_field": "人工标识码", "study_level_name": "开发研究"}}, "subject_info": {"field": "专题子栏目代码", "value": "H133", "subject_name": "成人教育与特殊教育"}}, {"study_level": {"工程与项目管理": {"value": "15", "study_level_field": "人工标识码", "study_level_name": "工程与项目管理"}, "工程研究": {"value": "14", "study_level_field": "人工标识码", "study_level_name": "工程研究"}, "应用基础研究": {"value": "12", "study_level_field": "人工标识码", "study_level_name": "应用基础研究"}}, "subject_info": {"field": "专题子栏目代码", "value": "E055", "subject_name": "预防医学与卫生学"}}, {"study_level": {"应用基础研究": {"value": "12", "study_level_field": "人工标识码", "study_level_name": "应用基础研究"}, "技术研究-临床医学试验研究": {"value": "131", "study_level_field": "人工标识码", "study_level_name": "技术研究-临床医学试验研究"}}, "subject_info": {"field": "专题子栏目代码", "value": "E059", "subject_name": "基础医学"}}, {"study_level": {"技术研究-临床研究": {"value": "132", "study_level_field": "人工标识码", "study_level_name": "技术研究-临床研究"}}, "subject_info": {"field": "专题子栏目代码", "value": "E067", "subject_name": "泌尿科学"}}], "2021": [{"study_level": {"技术研究-临床研究": {"value": "132", "study_level_field": "人工标识码", "study_level_name": "技术研究-临床研究"}, "技术开发": {"value": "16", "study_level_field": "人工标识码", "study_level_name": "技术开发"}, "应用基础研究": {"value": "12", "study_level_field": "人工标识码", "study_level_name": "应用基础研究"}, "实用工程技术": {"value": "17", "study_level_field": "人工标识码", "study_level_name": "实用工程技术"}, "工程研究": {"value": "14", "study_level_field": "人工标识码", "study_level_name": "工程研究"}, "应用研究": {"value": "23", "study_level_field": "人工标识码", "study_level_name": "应用研究"}}, "subject_info": {"field": "专题子栏目代码", "value": "E064", "subject_name": "消化系统疾病"}}, {"study_level": {"技术研究-临床研究": {"value": "132", "study_level_field": "人工标识码", "study_level_name": "技术研究-临床研究"}, "技术开发": {"value": "16", "study_level_field": "人工标识码", "study_level_name": "技术开发"}, "应用基础研究": {"value": "12", "study_level_field": "人工标识码", "study_level_name": "应用基础研究"}, "技术研究": {"value": "13", "study_level_field": "人工标识码", "study_level_name": "技术研究"}}, "subject_info": {"field": "专题子栏目代码", "value": "E072", "subject_name": "肿瘤学"}}, {"study_level": {"技术研究-临床研究": {"value": "132", "study_level_field": "人工标识码", "study_level_name": "技术研究-临床研究"}, "技术开发": {"value": "16", "study_level_field": "人工标识码", "study_level_name": "技术开发"}}, "subject_info": {"field": "专题子栏目代码", "value": "E069", "subject_name": "儿科学"}}, {"study_level": {"技术研究-临床研究": {"value": "132", "study_level_field": "人工标识码", "study_level_name": "技术研究-临床研究"}, "技术开发": {"value": "16", "study_level_field": "人工标识码", "study_level_name": "技术开发"}, "实用工程技术": {"value": "17", "study_level_field": "人工标识码", "study_level_name": "实用工程技术"}, "应用基础研究": {"value": "12", "study_level_field": "人工标识码", "study_level_name": "应用基础研究"}}, "subject_info": {"field": "专题子栏目代码", "value": "E056", "subject_name": "中医学"}}, {"study_level": {"技术开发": {"value": "16", "study_level_field": "人工标识码", "study_level_name": "技术开发"}, "技术研究-临床研究": {"value": "132", "study_level_field": "人工标识码", "study_level_name": "技术研究-临床研究"}, "工程与项目管理": {"value": "15", "study_level_field": "人工标识码", "study_level_name": "工程与项目管理"}, "实用工程技术": {"value": "17", "study_level_field": "人工标识码", "study_level_name": "实用工程技术"}, "工程研究": {"value": "14", "study_level_field": "人工标识码", "study_level_name": "工程研究"}, "技术研究": {"value": "13", "study_level_field": "人工标识码", "study_level_name": "技术研究"}}, "subject_info": {"field": "专题子栏目代码", "value": "E060", "subject_name": "临床医学"}}, {"study_level": {"技术研究-临床研究": {"value": "132", "study_level_field": "人工标识码", "study_level_name": "技术研究-临床研究"}, "技术开发": {"value": "16", "study_level_field": "人工标识码", "study_level_name": "技术开发"}, "应用基础研究": {"value": "12", "study_level_field": "人工标识码", "study_level_name": "应用基础研究"}}, "subject_info": {"field": "专题子栏目代码", "value": "E066", "subject_name": "外科学"}}, {"study_level": {"技术研究-临床研究": {"value": "132", "study_level_field": "人工标识码", "study_level_name": "技术研究-临床研究"}, "技术开发": {"value": "16", "study_level_field": "人工标识码", "study_level_name": "技术开发"}, "工程研究": {"value": "14", "study_level_field": "人工标识码", "study_level_name": "工程研究"}, "应用基础研究": {"value": "12", "study_level_field": "人工标识码", "study_level_name": "应用基础研究"}}, "subject_info": {"field": "专题子栏目代码", "value": "E065", "subject_name": "内分泌腺及全身性疾病"}}, {"study_level": {"应用基础研究": {"value": "12", "study_level_field": "人工标识码", "study_level_name": "应用基础研究"}, "技术开发": {"value": "16", "study_level_field": "人工标识码", "study_level_name": "技术开发"}, "技术研究-临床研究": {"value": "132", "study_level_field": "人工标识码", "study_level_name": "技术研究-临床研究"}, "技术研究-临床医学试验研究": {"value": "131", "study_level_field": "人工标识码", "study_level_name": "技术研究-临床医学试验研究"}}, "subject_info": {"field": "专题子栏目代码", "value": "E057", "subject_name": "中药学"}}, {"study_level": {"技术研究-临床研究": {"value": "132", "study_level_field": "人工标识码", "study_level_name": "技术研究-临床研究"}, "技术开发": {"value": "16", "study_level_field": "人工标识码", "study_level_name": "技术开发"}}, "subject_info": {"field": "专题子栏目代码", "value": "E061", "subject_name": "感染性疾病及传染病"}}, {"study_level": {"学科教育教学": {"value": "1R", "study_level_field": "人工标识码", "study_level_name": "学科教育教学"}, "开发研究-管理研究": {"value": "243", "study_level_field": "人工标识码", "study_level_name": "开发研究-管理研究"}, "工程与项目管理": {"value": "15", "study_level_field": "人工标识码", "study_level_name": "工程与项目管理"}}, "subject_info": {"field": "专题子栏目代码", "value": "E054", "subject_name": "医学教育与医学边缘学科"}}, {"study_level": {"技术开发": {"value": "16", "study_level_field": "人工标识码", "study_level_name": "技术开发"}, "技术研究-临床研究": {"value": "132", "study_level_field": "人工标识码", "study_level_name": "技术研究-临床研究"}, "应用基础研究": {"value": "12", "study_level_field": "人工标识码", "study_level_name": "应用基础研究"}}, "subject_info": {"field": "专题子栏目代码", "value": "E077", "subject_name": "急救医学"}}, {"study_level": {"技术研究-临床研究": {"value": "132", "study_level_field": "人工标识码", "study_level_name": "技术研究-临床研究"}, "技术开发": {"value": "16", "study_level_field": "人工标识码", "study_level_name": "技术开发"}, "工程研究": {"value": "14", "study_level_field": "人工标识码", "study_level_name": "工程研究"}, "应用研究": {"value": "23", "study_level_field": "人工标识码", "study_level_name": "应用研究"}}, "subject_info": {"field": "专题子栏目代码", "value": "E063", "subject_name": "呼吸系统疾病"}}, {"study_level": {"技术开发": {"value": "16", "study_level_field": "人工标识码", "study_level_name": "技术开发"}, "技术研究-临床研究": {"value": "132", "study_level_field": "人工标识码", "study_level_name": "技术研究-临床研究"}, "应用基础研究": {"value": "12", "study_level_field": "人工标识码", "study_level_name": "应用基础研究"}}, "subject_info": {"field": "专题子栏目代码", "value": "E062", "subject_name": "心血管系统疾病"}}, {"study_level": {"应用基础研究": {"value": "12", "study_level_field": "人工标识码", "study_level_name": "应用基础研究"}, "工程研究": {"value": "14", "study_level_field": "人工标识码", "study_level_name": "工程研究"}}, "subject_info": {"field": "专题子栏目代码", "value": "E059", "subject_name": "基础医学"}}, {"study_level": {"技术研究-临床研究": {"value": "132", "study_level_field": "人工标识码", "study_level_name": "技术研究-临床研究"}, "技术开发": {"value": "16", "study_level_field": "人工标识码", "study_level_name": "技术开发"}}, "subject_info": {"field": "专题子栏目代码", "value": "E070", "subject_name": "神经病学"}}, {"study_level": {"技术开发": {"value": "16", "study_level_field": "人工标识码", "study_level_name": "技术开发"}, "工程与项目管理": {"value": "15", "study_level_field": "人工标识码", "study_level_name": "工程与项目管理"}, "技术研究-临床研究": {"value": "132", "study_level_field": "人工标识码", "study_level_name": "技术研究-临床研究"}, "应用基础研究": {"value": "12", "study_level_field": "人工标识码", "study_level_name": "应用基础研究"}}, "subject_info": {"field": "专题子栏目代码", "value": "E076", "subject_name": "特种医学"}}, {"study_level": {"学科教育教学": {"value": "1R", "study_level_field": "人工标识码", "study_level_name": "学科教育教学"}}, "subject_info": {"field": "专题子栏目代码", "value": "H131", "subject_name": "高等教育"}}, {"study_level": {"开发研究-管理研究": {"value": "243", "study_level_field": "人工标识码", "study_level_name": "开发研究-管理研究"}, "工程与项目管理": {"value": "15", "study_level_field": "人工标识码", "study_level_name": "工程与项目管理"}}, "subject_info": {"field": "专题子栏目代码", "value": "H133", "subject_name": "成人教育与特殊教育"}}, {"study_level": {"技术开发": {"value": "16", "study_level_field": "人工标识码", "study_level_name": "技术开发"}, "技术研究-临床研究": {"value": "132", "study_level_field": "人工标识码", "study_level_name": "技术研究-临床研究"}}, "subject_info": {"field": "专题子栏目代码", "value": "E067", "subject_name": "泌尿科学"}}, {"study_level": {"技术研究-临床研究": {"value": "132", "study_level_field": "人工标识码", "study_level_name": "技术研究-临床研究"}, "技术研究-临床医学试验研究": {"value": "131", "study_level_field": "人工标识码", "study_level_name": "技术研究-临床医学试验研究"}, "技术开发": {"value": "16", "study_level_field": "人工标识码", "study_level_name": "技术开发"}}, "subject_info": {"field": "专题子栏目代码", "value": "E079", "subject_name": "药学"}}], "2020": [{"study_level": {"技术研究-临床研究": {"value": "132", "study_level_field": "人工标识码", "study_level_name": "技术研究-临床研究"}, "技术开发": {"value": "16", "study_level_field": "人工标识码", "study_level_name": "技术开发"}, "应用基础研究": {"value": "12", "study_level_field": "人工标识码", "study_level_name": "应用基础研究"}, "工程研究": {"value": "14", "study_level_field": "人工标识码", "study_level_name": "工程研究"}, "技术研究-临床医学试验研究": {"value": "131", "study_level_field": "人工标识码", "study_level_name": "技术研究-临床医学试验研究"}, "工程与项目管理": {"value": "15", "study_level_field": "人工标识码", "study_level_name": "工程与项目管理"}, "技术研究": {"value": "13", "study_level_field": "人工标识码", "study_level_name": "技术研究"}}, "subject_info": {"field": "专题子栏目代码", "value": "E064", "subject_name": "消化系统疾病"}}, {"study_level": {"技术研究-临床研究": {"value": "132", "study_level_field": "人工标识码", "study_level_name": "技术研究-临床研究"}, "应用基础研究": {"value": "12", "study_level_field": "人工标识码", "study_level_name": "应用基础研究"}, "技术开发": {"value": "16", "study_level_field": "人工标识码", "study_level_name": "技术开发"}, "工程研究": {"value": "14", "study_level_field": "人工标识码", "study_level_name": "工程研究"}, "技术研究-临床医学试验研究": {"value": "131", "study_level_field": "人工标识码", "study_level_name": "技术研究-临床医学试验研究"}}, "subject_info": {"field": "专题子栏目代码", "value": "E072", "subject_name": "肿瘤学"}}, {"study_level": {"技术开发": {"value": "16", "study_level_field": "人工标识码", "study_level_name": "技术开发"}, "技术研究-临床研究": {"value": "132", "study_level_field": "人工标识码", "study_level_name": "技术研究-临床研究"}, "工程与项目管理": {"value": "15", "study_level_field": "人工标识码", "study_level_name": "工程与项目管理"}, "工程研究": {"value": "14", "study_level_field": "人工标识码", "study_level_name": "工程研究"}, "技术研究-临床医学试验研究": {"value": "131", "study_level_field": "人工标识码", "study_level_name": "技术研究-临床医学试验研究"}}, "subject_info": {"field": "专题子栏目代码", "value": "E060", "subject_name": "临床医学"}}, {"study_level": {"技术研究-临床研究": {"value": "132", "study_level_field": "人工标识码", "study_level_name": "技术研究-临床研究"}, "实用工程技术": {"value": "17", "study_level_field": "人工标识码", "study_level_name": "实用工程技术"}, "技术开发": {"value": "16", "study_level_field": "人工标识码", "study_level_name": "技术开发"}, "应用基础研究": {"value": "12", "study_level_field": "人工标识码", "study_level_name": "应用基础研究"}}, "subject_info": {"field": "专题子栏目代码", "value": "E056", "subject_name": "中医学"}}, {"study_level": {"技术研究-临床研究": {"value": "132", "study_level_field": "人工标识码", "study_level_name": "技术研究-临床研究"}, "技术开发": {"value": "16", "study_level_field": "人工标识码", "study_level_name": "技术开发"}, "工程研究": {"value": "14", "study_level_field": "人工标识码", "study_level_name": "工程研究"}, "实用工程技术": {"value": "17", "study_level_field": "人工标识码", "study_level_name": "实用工程技术"}, "技术研究-临床医学试验研究": {"value": "131", "study_level_field": "人工标识码", "study_level_name": "技术研究-临床医学试验研究"}}, "subject_info": {"field": "专题子栏目代码", "value": "E069", "subject_name": "儿科学"}}, {"study_level": {"技术研究-临床研究": {"value": "132", "study_level_field": "人工标识码", "study_level_name": "技术研究-临床研究"}, "技术开发": {"value": "16", "study_level_field": "人工标识码", "study_level_name": "技术开发"}, "应用基础研究": {"value": "12", "study_level_field": "人工标识码", "study_level_name": "应用基础研究"}, "技术研究-临床医学试验研究": {"value": "131", "study_level_field": "人工标识码", "study_level_name": "技术研究-临床医学试验研究"}}, "subject_info": {"field": "专题子栏目代码", "value": "E066", "subject_name": "外科学"}}, {"study_level": {"应用基础研究": {"value": "12", "study_level_field": "人工标识码", "study_level_name": "应用基础研究"}, "技术研究-临床研究": {"value": "132", "study_level_field": "人工标识码", "study_level_name": "技术研究-临床研究"}, "技术开发": {"value": "16", "study_level_field": "人工标识码", "study_level_name": "技术开发"}, "技术研究-临床医学试验研究": {"value": "131", "study_level_field": "人工标识码", "study_level_name": "技术研究-临床医学试验研究"}}, "subject_info": {"field": "专题子栏目代码", "value": "E057", "subject_name": "中药学"}}, {"study_level": {"技术研究-临床研究": {"value": "132", "study_level_field": "人工标识码", "study_level_name": "技术研究-临床研究"}, "技术开发": {"value": "16", "study_level_field": "人工标识码", "study_level_name": "技术开发"}, "应用基础研究": {"value": "12", "study_level_field": "人工标识码", "study_level_name": "应用基础研究"}}, "subject_info": {"field": "专题子栏目代码", "value": "E061", "subject_name": "感染性疾病及传染病"}}, {"study_level": {"学科教育教学": {"value": "1R", "study_level_field": "人工标识码", "study_level_name": "学科教育教学"}, "技术开发": {"value": "16", "study_level_field": "人工标识码", "study_level_name": "技术开发"}, "开发研究-管理研究": {"value": "243", "study_level_field": "人工标识码", "study_level_name": "开发研究-管理研究"}, "技术研究-临床研究": {"value": "132", "study_level_field": "人工标识码", "study_level_name": "技术研究-临床研究"}}, "subject_info": {"field": "专题子栏目代码", "value": "E054", "subject_name": "医学教育与医学边缘学科"}}, {"study_level": {"技术研究-临床研究": {"value": "132", "study_level_field": "人工标识码", "study_level_name": "技术研究-临床研究"}, "应用基础研究": {"value": "12", "study_level_field": "人工标识码", "study_level_name": "应用基础研究"}, "技术开发": {"value": "16", "study_level_field": "人工标识码", "study_level_name": "技术开发"}}, "subject_info": {"field": "专题子栏目代码", "value": "E063", "subject_name": "呼吸系统疾病"}}, {"study_level": {"技术研究-临床研究": {"value": "132", "study_level_field": "人工标识码", "study_level_name": "技术研究-临床研究"}, "技术开发": {"value": "16", "study_level_field": "人工标识码", "study_level_name": "技术开发"}, "工程研究": {"value": "14", "study_level_field": "人工标识码", "study_level_name": "工程研究"}, "技术研究-临床医学试验研究": {"value": "131", "study_level_field": "人工标识码", "study_level_name": "技术研究-临床医学试验研究"}, "应用基础研究": {"value": "12", "study_level_field": "人工标识码", "study_level_name": "应用基础研究"}}, "subject_info": {"field": "专题子栏目代码", "value": "E065", "subject_name": "内分泌腺及全身性疾病"}}, {"study_level": {}, "subject_info": {"field": "专题子栏目代码", "value": "A001", "subject_name": "自然科学理论与方法"}}, {"study_level": {"应用基础研究": {"value": "12", "study_level_field": "人工标识码", "study_level_name": "应用基础研究"}, "技术研究-临床医学试验研究": {"value": "131", "study_level_field": "人工标识码", "study_level_name": "技术研究-临床医学试验研究"}, "技术研究-临床研究": {"value": "132", "study_level_field": "人工标识码", "study_level_name": "技术研究-临床研究"}}, "subject_info": {"field": "专题子栏目代码", "value": "E059", "subject_name": "基础医学"}}, {"study_level": {"学科教育教学": {"value": "1R", "study_level_field": "人工标识码", "study_level_name": "学科教育教学"}}, "subject_info": {"field": "专题子栏目代码", "value": "H131", "subject_name": "高等教育"}}, {"study_level": {"技术研究-临床研究": {"value": "132", "study_level_field": "人工标识码", "study_level_name": "技术研究-临床研究"}, "技术开发": {"value": "16", "study_level_field": "人工标识码", "study_level_name": "技术开发"}, "应用基础研究": {"value": "12", "study_level_field": "人工标识码", "study_level_name": "应用基础研究"}}, "subject_info": {"field": "专题子栏目代码", "value": "E070", "subject_name": "神经病学"}}, {"study_level": {"工程与项目管理": {"value": "15", "study_level_field": "人工标识码", "study_level_name": "工程与项目管理"}, "工程研究": {"value": "14", "study_level_field": "人工标识码", "study_level_name": "工程研究"}, "技术开发": {"value": "16", "study_level_field": "人工标识码", "study_level_name": "技术开发"}, "技术研究-临床研究": {"value": "132", "study_level_field": "人工标识码", "study_level_name": "技术研究-临床研究"}, "应用基础研究": {"value": "12", "study_level_field": "人工标识码", "study_level_name": "应用基础研究"}}, "subject_info": {"field": "专题子栏目代码", "value": "E053", "subject_name": "医药卫生方针政策与法律法规研究"}}, {"study_level": {"技术研究-临床研究": {"value": "132", "study_level_field": "人工标识码", "study_level_name": "技术研究-临床研究"}, "技术开发": {"value": "16", "study_level_field": "人工标识码", "study_level_name": "技术开发"}}, "subject_info": {"field": "专题子栏目代码", "value": "E073", "subject_name": "眼科与耳鼻咽喉科"}}, {"study_level": {"技术研究-临床研究": {"value": "132", "study_level_field": "人工标识码", "study_level_name": "技术研究-临床研究"}, "技术开发": {"value": "16", "study_level_field": "人工标识码", "study_level_name": "技术开发"}}, "subject_info": {"field": "专题子栏目代码", "value": "E077", "subject_name": "急救医学"}}, {"study_level": {"技术研究-临床研究": {"value": "132", "study_level_field": "人工标识码", "study_level_name": "技术研究-临床研究"}, "技术开发": {"value": "16", "study_level_field": "人工标识码", "study_level_name": "技术开发"}}, "subject_info": {"field": "专题子栏目代码", "value": "E062", "subject_name": "心血管系统疾病"}}, {"study_level": {"工程与项目管理": {"value": "15", "study_level_field": "人工标识码", "study_level_name": "工程与项目管理"}, "技术研究-临床研究": {"value": "132", "study_level_field": "人工标识码", "study_level_name": "技术研究-临床研究"}}, "subject_info": {"field": "专题子栏目代码", "value": "E079", "subject_name": "药学"}}], "2019": [{"study_level": {"技术研究-临床研究": {"value": "132", "study_level_field": "人工标识码", "study_level_name": "技术研究-临床研究"}, "技术开发": {"value": "16", "study_level_field": "人工标识码", "study_level_name": "技术开发"}, "应用基础研究": {"value": "12", "study_level_field": "人工标识码", "study_level_name": "应用基础研究"}, "技术研究-临床医学试验研究": {"value": "131", "study_level_field": "人工标识码", "study_level_name": "技术研究-临床医学试验研究"}, "实用工程技术": {"value": "17", "study_level_field": "人工标识码", "study_level_name": "实用工程技术"}, "工程研究": {"value": "14", "study_level_field": "人工标识码", "study_level_name": "工程研究"}}, "subject_info": {"field": "专题子栏目代码", "value": "E064", "subject_name": "消化系统疾病"}}, {"study_level": {"技术研究-临床研究": {"value": "132", "study_level_field": "人工标识码", "study_level_name": "技术研究-临床研究"}, "应用基础研究": {"value": "12", "study_level_field": "人工标识码", "study_level_name": "应用基础研究"}, "技术开发": {"value": "16", "study_level_field": "人工标识码", "study_level_name": "技术开发"}, "工程研究": {"value": "14", "study_level_field": "人工标识码", "study_level_name": "工程研究"}}, "subject_info": {"field": "专题子栏目代码", "value": "E072", "subject_name": "肿瘤学"}}, {"study_level": {"技术开发": {"value": "16", "study_level_field": "人工标识码", "study_level_name": "技术开发"}, "技术研究-临床研究": {"value": "132", "study_level_field": "人工标识码", "study_level_name": "技术研究-临床研究"}, "实用工程技术": {"value": "17", "study_level_field": "人工标识码", "study_level_name": "实用工程技术"}, "工程与项目管理": {"value": "15", "study_level_field": "人工标识码", "study_level_name": "工程与项目管理"}, "工程研究": {"value": "14", "study_level_field": "人工标识码", "study_level_name": "工程研究"}, "应用基础研究": {"value": "12", "study_level_field": "人工标识码", "study_level_name": "应用基础研究"}}, "subject_info": {"field": "专题子栏目代码", "value": "E060", "subject_name": "临床医学"}}, {"study_level": {"技术研究-临床研究": {"value": "132", "study_level_field": "人工标识码", "study_level_name": "技术研究-临床研究"}, "技术开发": {"value": "16", "study_level_field": "人工标识码", "study_level_name": "技术开发"}, "应用基础研究": {"value": "12", "study_level_field": "人工标识码", "study_level_name": "应用基础研究"}, "工程研究": {"value": "14", "study_level_field": "人工标识码", "study_level_name": "工程研究"}, "实用工程技术": {"value": "17", "study_level_field": "人工标识码", "study_level_name": "实用工程技术"}}, "subject_info": {"field": "专题子栏目代码", "value": "E069", "subject_name": "儿科学"}}, {"study_level": {"技术研究-临床研究": {"value": "132", "study_level_field": "人工标识码", "study_level_name": "技术研究-临床研究"}, "技术开发": {"value": "16", "study_level_field": "人工标识码", "study_level_name": "技术开发"}, "实用工程技术": {"value": "17", "study_level_field": "人工标识码", "study_level_name": "实用工程技术"}, "应用基础研究": {"value": "12", "study_level_field": "人工标识码", "study_level_name": "应用基础研究"}, "技术研究-临床医学试验研究": {"value": "131", "study_level_field": "人工标识码", "study_level_name": "技术研究-临床医学试验研究"}}, "subject_info": {"field": "专题子栏目代码", "value": "E056", "subject_name": "中医学"}}, {"study_level": {"技术研究-临床研究": {"value": "132", "study_level_field": "人工标识码", "study_level_name": "技术研究-临床研究"}, "技术开发": {"value": "16", "study_level_field": "人工标识码", "study_level_name": "技术开发"}}, "subject_info": {"field": "专题子栏目代码", "value": "E066", "subject_name": "外科学"}}, {"study_level": {"技术研究-临床研究": {"value": "132", "study_level_field": "人工标识码", "study_level_name": "技术研究-临床研究"}, "技术开发": {"value": "16", "study_level_field": "人工标识码", "study_level_name": "技术开发"}, "工程与项目管理": {"value": "15", "study_level_field": "人工标识码", "study_level_name": "工程与项目管理"}}, "subject_info": {"field": "专题子栏目代码", "value": "E065", "subject_name": "内分泌腺及全身性疾病"}}, {"study_level": {"技术研究-临床研究": {"value": "132", "study_level_field": "人工标识码", "study_level_name": "技术研究-临床研究"}, "技术开发": {"value": "16", "study_level_field": "人工标识码", "study_level_name": "技术开发"}, "应用基础研究": {"value": "12", "study_level_field": "人工标识码", "study_level_name": "应用基础研究"}, "实用工程技术": {"value": "17", "study_level_field": "人工标识码", "study_level_name": "实用工程技术"}}, "subject_info": {"field": "专题子栏目代码", "value": "E061", "subject_name": "感染性疾病及传染病"}}, {"study_level": {"应用基础研究": {"value": "12", "study_level_field": "人工标识码", "study_level_name": "应用基础研究"}, "实用工程技术": {"value": "17", "study_level_field": "人工标识码", "study_level_name": "实用工程技术"}, "技术研究-临床医学试验研究": {"value": "131", "study_level_field": "人工标识码", "study_level_name": "技术研究-临床医学试验研究"}}, "subject_info": {"field": "专题子栏目代码", "value": "E057", "subject_name": "中药学"}}, {"study_level": {"学科教育教学": {"value": "2R", "study_level_field": "人工标识码", "study_level_name": "学科教育教学"}, "技术开发": {"value": "16", "study_level_field": "人工标识码", "study_level_name": "技术开发"}, "开发研究-管理研究": {"value": "243", "study_level_field": "人工标识码", "study_level_name": "开发研究-管理研究"}, "应用研究": {"value": "23", "study_level_field": "人工标识码", "study_level_name": "应用研究"}}, "subject_info": {"field": "专题子栏目代码", "value": "E054", "subject_name": "医学教育与医学边缘学科"}}, {"study_level": {"应用基础研究": {"value": "12", "study_level_field": "人工标识码", "study_level_name": "应用基础研究"}, "技术研究-临床医学试验研究": {"value": "131", "study_level_field": "人工标识码", "study_level_name": "技术研究-临床医学试验研究"}}, "subject_info": {"field": "专题子栏目代码", "value": "E059", "subject_name": "基础医学"}}, {"study_level": {}, "subject_info": {"field": "专题子栏目代码", "value": "A001", "subject_name": "自然科学理论与方法"}}, {"study_level": {"学科教育教学": {"value": "1R", "study_level_field": "人工标识码", "study_level_name": "学科教育教学"}, "应用研究": {"value": "23", "study_level_field": "人工标识码", "study_level_name": "应用研究"}}, "subject_info": {"field": "专题子栏目代码", "value": "H131", "subject_name": "高等教育"}}, {"study_level": {"技术研究-临床研究": {"value": "132", "study_level_field": "人工标识码", "study_level_name": "技术研究-临床研究"}, "技术开发": {"value": "16", "study_level_field": "人工标识码", "study_level_name": "技术开发"}}, "subject_info": {"field": "专题子栏目代码", "value": "E077", "subject_name": "急救医学"}}, {"study_level": {"应用基础研究": {"value": "12", "study_level_field": "人工标识码", "study_level_name": "应用基础研究"}, "工程与项目管理": {"value": "15", "study_level_field": "人工标识码", "study_level_name": "工程与项目管理"}}, "subject_info": {"field": "专题子栏目代码", "value": "E079", "subject_name": "药学"}}, {"study_level": {"技术开发": {"value": "16", "study_level_field": "人工标识码", "study_level_name": "技术开发"}, "技术研究-临床研究": {"value": "132", "study_level_field": "人工标识码", "study_level_name": "技术研究-临床研究"}, "工程研究": {"value": "14", "study_level_field": "人工标识码", "study_level_name": "工程研究"}, "工程与项目管理": {"value": "15", "study_level_field": "人工标识码", "study_level_name": "工程与项目管理"}, "应用基础研究": {"value": "12", "study_level_field": "人工标识码", "study_level_name": "应用基础研究"}}, "subject_info": {"field": "专题子栏目代码", "value": "E076", "subject_name": "特种医学"}}, {"study_level": {"技术研究-临床研究": {"value": "132", "study_level_field": "人工标识码", "study_level_name": "技术研究-临床研究"}, "应用基础研究": {"value": "12", "study_level_field": "人工标识码", "study_level_name": "应用基础研究"}, "技术开发": {"value": "16", "study_level_field": "人工标识码", "study_level_name": "技术开发"}}, "subject_info": {"field": "专题子栏目代码", "value": "E063", "subject_name": "呼吸系统疾病"}}, {"study_level": {"技术研究-临床研究": {"value": "132", "study_level_field": "人工标识码", "study_level_name": "技术研究-临床研究"}, "技术开发": {"value": "16", "study_level_field": "人工标识码", "study_level_name": "技术开发"}}, "subject_info": {"field": "专题子栏目代码", "value": "E062", "subject_name": "心血管系统疾病"}}, {"study_level": {"工程与项目管理": {"value": "15", "study_level_field": "人工标识码", "study_level_name": "工程与项目管理"}, "工程研究": {"value": "14", "study_level_field": "人工标识码", "study_level_name": "工程研究"}, "技术开发": {"value": "16", "study_level_field": "人工标识码", "study_level_name": "技术开发"}}, "subject_info": {"field": "专题子栏目代码", "value": "E053", "subject_name": "医药卫生方针政策与法律法规研究"}}], "2018": [{"study_level": {"技术研究-临床研究": {"value": "132", "study_level_field": "人工标识码", "study_level_name": "技术研究-临床研究", "have_spider": "202301051646"}, "技术开发": {"value": "16", "study_level_field": "人工标识码", "study_level_name": "技术开发", "have_spider": "202301051651"}, "应用基础研究": {"value": "12", "study_level_field": "人工标识码", "study_level_name": "应用基础研究", "have_spider": "202301051652"}, "实用工程技术": {"value": "17", "study_level_field": "人工标识码", "study_level_name": "实用工程技术", "have_spider": "202301051652"}, "工程研究": {"value": "14", "study_level_field": "人工标识码", "study_level_name": "工程研究", "have_spider": "202301051652"}}, "subject_info": {"field": "专题子栏目代码", "value": "E064", "subject_name": "消化系统疾病"}}, {"study_level": {"技术研究-临床研究": {"value": "132", "study_level_field": "人工标识码", "study_level_name": "技术研究-临床研究", "have_spider": "202301051706"}, "应用基础研究": {"value": "12", "study_level_field": "人工标识码", "study_level_name": "应用基础研究", "have_spider": "202301051707"}, "技术开发": {"value": "16", "study_level_field": "人工标识码", "study_level_name": "技术开发", "have_spider": "202301051709"}, "实用工程技术": {"value": "17", "study_level_field": "人工标识码", "study_level_name": "实用工程技术", "have_spider": "202301051709"}}, "subject_info": {"field": "专题子栏目代码", "value": "E072", "subject_name": "肿瘤学"}}, {"study_level": {"技术开发": {"value": "16", "study_level_field": "人工标识码", "study_level_name": "技术开发", "have_spider": "202301051714"}, "技术研究-临床研究": {"value": "132", "study_level_field": "人工标识码", "study_level_name": "技术研究-临床研究", "have_spider": "202301051714"}, "工程与项目管理": {"value": "15", "study_level_field": "人工标识码", "study_level_name": "工程与项目管理", "have_spider": "202301051716"}, "实用工程技术": {"value": "17", "study_level_field": "人工标识码", "study_level_name": "实用工程技术", "have_spider": "202301051717"}, "工程研究": {"value": "14", "study_level_field": "人工标识码", "study_level_name": "工程研究", "have_spider": "202301051717"}, "技术研究-临床医学试验研究": {"value": "131", "study_level_field": "人工标识码", "study_level_name": "技术研究-临床医学试验研究", "have_spider": "202301051718"}, "应用基础研究": {"value": "12", "study_level_field": "人工标识码", "study_level_name": "应用基础研究", "have_spider": "202301051718"}}, "subject_info": {"field": "专题子栏目代码", "value": "E060", "subject_name": "临床医学"}}, {"study_level": {"技术研究-临床研究": {"value": "132", "study_level_field": "人工标识码", "study_level_name": "技术研究-临床研究", "have_spider": "202301051719"}, "技术开发": {"value": "16", "study_level_field": "人工标识码", "study_level_name": "技术开发", "have_spider": "202301051720"}, "实用工程技术": {"value": "17", "study_level_field": "人工标识码", "study_level_name": "实用工程技术", "have_spider": "202301051721"}, "应用基础研究": {"value": "12", "study_level_field": "人工标识码", "study_level_name": "应用基础研究", "have_spider": "202301051721"}}, "subject_info": {"field": "专题子栏目代码", "value": "E056", "subject_name": "中医学"}}, {"study_level": {"技术研究-临床研究": {"value": "132", "study_level_field": "人工标识码", "study_level_name": "技术研究-临床研究", "have_spider": "202301051722"}, "技术开发": {"value": "16", "study_level_field": "人工标识码", "study_level_name": "技术开发", "have_spider": "202301051723"}, "应用基础研究": {"value": "12", "study_level_field": "人工标识码", "study_level_name": "应用基础研究", "have_spider": "202301051723"}, "工程研究": {"value": "14", "study_level_field": "人工标识码", "study_level_name": "工程研究", "have_spider": "202301051724"}}, "subject_info": {"field": "专题子栏目代码", "value": "E069", "subject_name": "儿科学"}}, {"study_level": {"技术研究-临床研究": {"value": "132", "study_level_field": "人工标识码", "study_level_name": "技术研究-临床研究", "have_spider": "202301051724"}, "技术开发": {"value": "16", "study_level_field": "人工标识码", "study_level_name": "技术开发", "have_spider": "202301051724"}, "工程研究": {"value": "14", "study_level_field": "人工标识码", "study_level_name": "工程研究", "have_spider": "202301051725"}, "实用工程技术": {"value": "17", "study_level_field": "人工标识码", "study_level_name": "实用工程技术", "have_spider": "202301051725"}, "应用基础研究": {"value": "12", "study_level_field": "人工标识码", "study_level_name": "应用基础研究", "have_spider": "202301051725"}}, "subject_info": {"field": "专题子栏目代码", "value": "E061", "subject_name": "感染性疾病及传染病"}}, {"study_level": {"技术研究-临床研究": {"value": "132", "study_level_field": "人工标识码", "study_level_name": "技术研究-临床研究", "have_spider": "202301051726"}, "技术开发": {"value": "16", "study_level_field": "人工标识码", "study_level_name": "技术开发", "have_spider": "202301051726"}, "工程研究": {"value": "14", "study_level_field": "人工标识码", "study_level_name": "工程研究", "have_spider": "202301051727"}, "应用基础研究": {"value": "12", "study_level_field": "人工标识码", "study_level_name": "应用基础研究", "have_spider": "202301051727"}}, "subject_info": {"field": "专题子栏目代码", "value": "E065", "subject_name": "内分泌腺及全身性疾病"}}, {"study_level": {"技术研究-临床研究": {"value": "132", "study_level_field": "人工标识码", "study_level_name": "技术研究-临床研究", "have_spider": "202301051727"}, "技术开发": {"value": "16", "study_level_field": "人工标识码", "study_level_name": "技术开发", "have_spider": "202301051729"}}, "subject_info": {"field": "专题子栏目代码", "value": "E066", "subject_name": "外科学"}}, {"study_level": {"应用基础研究": {"value": "12", "study_level_field": "人工标识码", "study_level_name": "应用基础研究", "have_spider": "202301051730"}, "技术研究-临床研究": {"value": "132", "study_level_field": "人工标识码", "study_level_name": "技术研究-临床研究", "have_spider": "202301051730"}, "技术研究-临床医学试验研究": {"value": "131", "study_level_field": "人工标识码", "study_level_name": "技术研究-临床医学试验研究", "have_spider": "202301051731"}}, "subject_info": {"field": "专题子栏目代码", "value": "E059", "subject_name": "基础医学"}}, {"study_level": {"学科教育教学": {"value": "1R", "study_level_field": "人工标识码", "study_level_name": "学科教育教学", "have_spider": "202301051731"}, "技术开发": {"value": "16", "study_level_field": "人工标识码", "study_level_name": "技术开发", "have_spider": "202301051731"}, "技术研究-临床研究": {"value": "132", "study_level_field": "人工标识码", "study_level_name": "技术研究-临床研究", "have_spider": "202301051732"}, "工程研究": {"value": "14", "study_level_field": "人工标识码", "study_level_name": "工程研究", "have_spider": "202301051732"}}, "subject_info": {"field": "专题子栏目代码", "value": "E054", "subject_name": "医学教育与医学边缘学科"}}, {"study_level": {"应用基础研究": {"value": "12", "study_level_field": "人工标识码", "study_level_name": "应用基础研究", "have_spider": "202301051732"}, "技术研究": {"value": "13", "study_level_field": "人工标识码", "study_level_name": "技术研究", "have_spider": "202301051733"}}, "subject_info": {"field": "专题子栏目代码", "value": "E057", "subject_name": "中药学"}}, {"study_level": {"技术研究-临床研究": {"value": "132", "study_level_field": "人工标识码", "study_level_name": "技术研究-临床研究", "have_spider": "202301051733"}, "技术开发": {"value": "16", "study_level_field": "人工标识码", "study_level_name": "技术开发", "have_spider": "202301051733"}, "工程研究": {"value": "14", "study_level_field": "人工标识码", "study_level_name": "工程研究", "have_spider": "202301051734"}}, "subject_info": {"field": "专题子栏目代码", "value": "E077", "subject_name": "急救医学"}}, {"study_level": {"技术研究-临床研究": {"value": "132", "study_level_field": "人工标识码", "study_level_name": "技术研究-临床研究", "have_spider": "202301051734"}, "技术开发": {"value": "16", "study_level_field": "人工标识码", "study_level_name": "技术开发", "have_spider": "202301051734"}, "工程与项目管理": {"value": "15", "study_level_field": "人工标识码", "study_level_name": "工程与项目管理", "have_spider": "202301051734"}, "工程研究": {"value": "14", "study_level_field": "人工标识码", "study_level_name": "工程研究", "have_spider": "202301051735"}}, "subject_info": {"field": "专题子栏目代码", "value": "E076", "subject_name": "特种医学"}}, {"study_level": {"技术研究-临床研究": {"value": "132", "study_level_field": "人工标识码", "study_level_name": "技术研究-临床研究", "have_spider": "202301051735"}, "实用工程技术": {"value": "17", "study_level_field": "人工标识码", "study_level_name": "实用工程技术", "have_spider": "202301051735"}, "技术开发": {"value": "16", "study_level_field": "人工标识码", "study_level_name": "技术开发", "have_spider": "202301051736"}}, "subject_info": {"field": "专题子栏目代码", "value": "E070", "subject_name": "神经病学"}}, {"study_level": {"应用基础研究": {"value": "12", "study_level_field": "人工标识码", "study_level_name": "应用基础研究", "have_spider": "202301051736"}, "技术研究-临床研究": {"value": "132", "study_level_field": "人工标识码", "study_level_name": "技术研究-临床研究", "have_spider": "202301051736"}, "技术开发": {"value": "16", "study_level_field": "人工标识码", "study_level_name": "技术开发", "have_spider": "202301051736"}}, "subject_info": {"field": "专题子栏目代码", "value": "E079", "subject_name": "药学"}}, {"study_level": {"技术研究-临床研究": {"value": "132", "study_level_field": "人工标识码", "study_level_name": "技术研究-临床研究", "have_spider": "202301051737"}, "技术开发": {"value": "16", "study_level_field": "人工标识码", "study_level_name": "技术开发", "have_spider": "202301051737"}, "应用基础研究": {"value": "12", "study_level_field": "人工标识码", "study_level_name": "应用基础研究", "have_spider": "202301051737"}}, "subject_info": {"field": "专题子栏目代码", "value": "E067", "subject_name": "泌尿科学"}}, {"study_level": {"学科教育教学": {"value": "1R", "study_level_field": "人工标识码", "study_level_name": "学科教育教学", "have_spider": "202301051738"}}, "subject_info": {"field": "专题子栏目代码", "value": "H131", "subject_name": "高等教育"}}, {"study_level": {"技术研究-临床研究": {"value": "132", "study_level_field": "人工标识码", "study_level_name": "技术研究-临床研究", "have_spider": "202301051738"}, "技术开发": {"value": "16", "study_level_field": "人工标识码", "study_level_name": "技术开发", "have_spider": "202301051738"}}, "subject_info": {"field": "专题子栏目代码", "value": "E063", "subject_name": "呼吸系统疾病"}}, {"study_level": {"技术研究-临床研究": {"value": "132", "study_level_field": "人工标识码", "study_level_name": "技术研究-临床研究", "have_spider": "202301051739"}, "工程研究": {"value": "14", "study_level_field": "人工标识码", "study_level_name": "工程研究", "have_spider": "202301051739"}, "技术开发": {"value": "16", "study_level_field": "人工标识码", "study_level_name": "技术开发", "have_spider": "202301051739"}, "应用基础研究": {"value": "12", "study_level_field": "人工标识码", "study_level_name": "应用基础研究", "have_spider": "202301051740"}}, "subject_info": {"field": "专题子栏目代码", "value": "E055", "subject_name": "预防医学与卫生学"}}], "2017": [{"study_level": {"技术研究-临床研究": {"value": "132", "study_level_field": "人工标识码", "study_level_name": "技术研究-临床研究", "have_spider": "202301051750"}, "技术开发": {"value": "16", "study_level_field": "人工标识码", "study_level_name": "技术开发", "have_spider": "202301051753"}, "应用基础研究": {"value": "12", "study_level_field": "人工标识码", "study_level_name": "应用基础研究", "have_spider": "202301051754"}, "技术研究-临床医学试验研究": {"value": "131", "study_level_field": "人工标识码", "study_level_name": "技术研究-临床医学试验研究", "have_spider": "202301051755"}, "工程研究": {"value": "14", "study_level_field": "人工标识码", "study_level_name": "工程研究", "have_spider": "202301051755"}, "实用工程技术": {"value": "17", "study_level_field": "人工标识码", "study_level_name": "实用工程技术", "have_spider": "202301051755"}, "工程与项目管理": {"value": "15", "study_level_field": "人工标识码", "study_level_name": "工程与项目管理", "have_spider": "202301051756"}}, "subject_info": {"field": "专题子栏目代码", "value": "E064", "subject_name": "消化系统疾病"}}, {"study_level": {"技术研究-临床研究": {"value": "132", "study_level_field": "人工标识码", "study_level_name": "技术研究-临床研究", "have_spider": "202301051759"}, "应用基础研究": {"value": "12", "study_level_field": "人工标识码", "study_level_name": "应用基础研究", "have_spider": "202301051801"}, "技术开发": {"value": "16", "study_level_field": "人工标识码", "study_level_name": "技术开发", "have_spider": "202301051802"}, "工程研究": {"value": "14", "study_level_field": "人工标识码", "study_level_name": "工程研究", "have_spider": "202301051802"}, "技术研究-临床医学试验研究": {"value": "131", "study_level_field": "人工标识码", "study_level_name": "技术研究-临床医学试验研究", "have_spider": "202301051802"}}, "subject_info": {"field": "专题子栏目代码", "value": "E072", "subject_name": "肿瘤学"}}, {"study_level": {"技术开发": {"value": "16", "study_level_field": "人工标识码", "study_level_name": "技术开发", "have_spider": "202301051806"}, "技术研究-临床研究": {"value": "132", "study_level_field": "人工标识码", "study_level_name": "技术研究-临床研究", "have_spider": "202301051806"}, "工程与项目管理": {"value": "15", "study_level_field": "人工标识码", "study_level_name": "工程与项目管理", "have_spider": "202301051808"}, "实用工程技术": {"value": "17", "study_level_field": "人工标识码", "study_level_name": "实用工程技术", "have_spider": "202301051808"}, "工程研究": {"value": "14", "study_level_field": "人工标识码", "study_level_name": "工程研究", "have_spider": "202301051809"}, "应用基础研究": {"value": "12", "study_level_field": "人工标识码", "study_level_name": "应用基础研究", "have_spider": "202301051809"}}, "subject_info": {"field": "专题子栏目代码", "value": "E060", "subject_name": "临床医学"}}, {"study_level": {"技术研究-临床研究": {"value": "132", "study_level_field": "人工标识码", "study_level_name": "技术研究-临床研究", "have_spider": "202301051811"}, "技术开发": {"value": "16", "study_level_field": "人工标识码", "study_level_name": "技术开发", "have_spider": "202301051811"}, "实用工程技术": {"value": "17", "study_level_field": "人工标识码", "study_level_name": "实用工程技术", "have_spider": "202301051812"}, "应用基础研究": {"value": "12", "study_level_field": "人工标识码", "study_level_name": "应用基础研究", "have_spider": "202301051813"}}, "subject_info": {"field": "专题子栏目代码", "value": "E056", "subject_name": "中医学"}}, {"study_level": {"技术研究-临床研究": {"value": "132", "study_level_field": "人工标识码", "study_level_name": "技术研究-临床研究", "have_spider": "202301051814"}, "技术开发": {"value": "16", "study_level_field": "人工标识码", "study_level_name": "技术开发", "have_spider": "202301051814"}, "工程研究": {"value": "14", "study_level_field": "人工标识码", "study_level_name": "工程研究", "have_spider": "202301051814"}}, "subject_info": {"field": "专题子栏目代码", "value": "E069", "subject_name": "儿科学"}}, {"study_level": {"技术研究-临床研究": {"value": "132", "study_level_field": "人工标识码", "study_level_name": "技术研究-临床研究", "have_spider": "202301051816"}, "技术开发": {"value": "16", "study_level_field": "人工标识码", "study_level_name": "技术开发", "have_spider": "202301051817"}}, "subject_info": {"field": "专题子栏目代码", "value": "E066", "subject_name": "外科学"}}, {"study_level": {"技术研究-临床研究": {"value": "132", "study_level_field": "人工标识码", "study_level_name": "技术研究-临床研究", "have_spider": "202301051818"}, "技术开发": {"value": "16", "study_level_field": "人工标识码", "study_level_name": "技术开发", "have_spider": "202301051818"}, "工程研究": {"value": "14", "study_level_field": "人工标识码", "study_level_name": "工程研究", "have_spider": "202301051818"}, "应用基础研究": {"value": "12", "study_level_field": "人工标识码", "study_level_name": "应用基础研究", "have_spider": "202301051819"}}, "subject_info": {"field": "专题子栏目代码", "value": "E065", "subject_name": "内分泌腺及全身性疾病"}}, {"study_level": {"技术研究-临床研究": {"value": "132", "study_level_field": "人工标识码", "study_level_name": "技术研究-临床研究", "have_spider": "202301051819"}, "技术开发": {"value": "16", "study_level_field": "人工标识码", "study_level_name": "技术开发", "have_spider": "202301051820"}, "工程研究": {"value": "14", "study_level_field": "人工标识码", "study_level_name": "工程研究", "have_spider": "202301051820"}, "应用基础研究": {"value": "12", "study_level_field": "人工标识码", "study_level_name": "应用基础研究", "have_spider": "202301051820"}}, "subject_info": {"field": "专题子栏目代码", "value": "E061", "subject_name": "感染性疾病及传染病"}}, {"study_level": {"应用基础研究": {"value": "12", "study_level_field": "人工标识码", "study_level_name": "应用基础研究", "have_spider": "202301051821"}, "技术研究-临床医学试验研究": {"value": "131", "study_level_field": "人工标识码", "study_level_name": "技术研究-临床医学试验研究", "have_spider": "202301051821"}, "实用工程技术": {"value": "17", "study_level_field": "人工标识码", "study_level_name": "实用工程技术", "have_spider": "202301051821"}}, "subject_info": {"field": "专题子栏目代码", "value": "E057", "subject_name": "中药学"}}, {"study_level": {"技术研究-临床研究": {"value": "132", "study_level_field": "人工标识码", "study_level_name": "技术研究-临床研究", "have_spider": "202301051822"}, "技术开发": {"value": "16", "study_level_field": "人工标识码", "study_level_name": "技术开发", "have_spider": "202301051822"}, "应用基础研究": {"value": "12", "study_level_field": "人工标识码", "study_level_name": "应用基础研究", "have_spider": "202301051822"}}, "subject_info": {"field": "专题子栏目代码", "value": "E077", "subject_name": "急救医学"}}, {"study_level": {"应用基础研究": {"value": "12", "study_level_field": "人工标识码", "study_level_name": "应用基础研究", "have_spider": "202301051823"}}, "subject_info": {"field": "专题子栏目代码", "value": "E059", "subject_name": "基础医学"}}, {"study_level": {"学科教育教学": {"value": "1R", "study_level_field": "人工标识码", "study_level_name": "学科教育教学", "have_spider": "202301051824"}, "技术开发": {"value": "16", "study_level_field": "人工标识码", "study_level_name": "技术开发", "have_spider": "202301051824"}, "应用基础研究": {"value": "12", "study_level_field": "人工标识码", "study_level_name": "应用基础研究", "have_spider": "202301051824"}, "开发研究-管理研究": {"value": "243", "study_level_field": "人工标识码", "study_level_name": "开发研究-管理研究", "have_spider": "202301051825"}}, "subject_info": {"field": "专题子栏目代码", "value": "E054", "subject_name": "医学教育与医学边缘学科"}}, {"study_level": {"应用基础研究": {"value": "12", "study_level_field": "人工标识码", "study_level_name": "应用基础研究", "have_spider": "202301051825"}, "工程研究": {"value": "14", "study_level_field": "人工标识码", "study_level_name": "工程研究", "have_spider": "202301051825"}, "技术研究-临床医学试验研究": {"value": "131", "study_level_field": "人工标识码", "study_level_name": "技术研究-临床医学试验研究", "have_spider": "202301051825"}, "技术研究-临床研究": {"value": "132", "study_level_field": "人工标识码", "study_level_name": "技术研究-临床研究", "have_spider": "202301051826"}, "技术开发": {"value": "16", "study_level_field": "人工标识码", "study_level_name": "技术开发", "have_spider": "202301051826"}}, "subject_info": {"field": "专题子栏目代码", "value": "E079", "subject_name": "药学"}}, {"study_level": {"技术研究-临床研究": {"value": "132", "study_level_field": "人工标识码", "study_level_name": "技术研究-临床研究", "have_spider": "202301051826"}, "技术开发": {"value": "16", "study_level_field": "人工标识码", "study_level_name": "技术开发", "have_spider": "202301051826"}, "应用基础研究": {"value": "12", "study_level_field": "人工标识码", "study_level_name": "应用基础研究", "have_spider": "202301051827"}}, "subject_info": {"field": "专题子栏目代码", "value": "E062", "subject_name": "心血管系统疾病"}}, {"study_level": {"技术研究-临床研究": {"value": "132", "study_level_field": "人工标识码", "study_level_name": "技术研究-临床研究", "have_spider": "202301051827"}, "技术开发": {"value": "16", "study_level_field": "人工标识码", "study_level_name": "技术开发", "have_spider": "202301051827"}, "工程与项目管理": {"value": "15", "study_level_field": "人工标识码", "study_level_name": "工程与项目管理", "have_spider": "202301051827"}}, "subject_info": {"field": "专题子栏目代码", "value": "E076", "subject_name": "特种医学"}}, {"study_level": {"技术开发": {"value": "16", "study_level_field": "人工标识码", "study_level_name": "技术开发", "have_spider": "202301051828"}, "技术研究-临床研究": {"value": "132", "study_level_field": "人工标识码", "study_level_name": "技术研究-临床研究", "have_spider": "202301051828"}}, "subject_info": {"field": "专题子栏目代码", "value": "E063", "subject_name": "呼吸系统疾病"}}, {"study_level": {"学科教育教学": {"value": "1R", "study_level_field": "人工标识码", "study_level_name": "学科教育教学", "have_spider": "202301051828"}}, "subject_info": {"field": "专题子栏目代码", "value": "H131", "subject_name": "高等教育"}}, {"study_level": {"应用基础研究": {"value": "12", "study_level_field": "人工标识码", "study_level_name": "应用基础研究", "have_spider": "202301051829"}, "技术研究-临床研究": {"value": "132", "study_level_field": "人工标识码", "study_level_name": "技术研究-临床研究", "have_spider": "202301051829"}, "工程研究": {"value": "14", "study_level_field": "人工标识码", "study_level_name": "工程研究", "have_spider": "202301051829"}, "技术开发": {"value": "16", "study_level_field": "人工标识码", "study_level_name": "技术开发", "have_spider": "202301051830"}}, "subject_info": {"field": "专题子栏目代码", "value": "E071", "subject_name": "精神病学"}}, {"study_level": {"技术研究-临床研究": {"value": "132", "study_level_field": "人工标识码", "study_level_name": "技术研究-临床研究", "have_spider": "202301051830"}, "应用基础研究": {"value": "12", "study_level_field": "人工标识码", "study_level_name": "应用基础研究", "have_spider": "202301051830"}}, "subject_info": {"field": "专题子栏目代码", "value": "E073", "subject_name": "眼科与耳鼻咽喉科"}}], "2016": [{"study_level": {"技术研究-临床研究": {"value": "132", "study_level_field": "人工标识码", "study_level_name": "技术研究-临床研究", "have_spider": "202301051841"}, "技术开发": {"value": "16", "study_level_field": "人工标识码", "study_level_name": "技术开发", "have_spider": "202301051848"}, "应用基础研究": {"value": "12", "study_level_field": "人工标识码", "study_level_name": "应用基础研究", "have_spider": "202301051850"}, "工程研究": {"value": "14", "study_level_field": "人工标识码", "study_level_name": "工程研究", "have_spider": "202301051850"}, "实用工程技术": {"value": "17", "study_level_field": "人工标识码", "study_level_name": "实用工程技术", "have_spider": "202301051850"}, "技术研究-临床医学试验研究": {"value": "131", "study_level_field": "人工标识码", "study_level_name": "技术研究-临床医学试验研究", "have_spider": "202301051851"}, "技术研究": {"value": "13", "study_level_field": "人工标识码", "study_level_name": "技术研究", "have_spider": "202301051851"}}, "subject_info": {"field": "专题子栏目代码", "value": "E064", "subject_name": "消化系统疾病"}}, {"study_level": {"技术研究-临床研究": {"value": "132", "study_level_field": "人工标识码", "study_level_name": "技术研究-临床研究", "have_spider": "202301051855"}, "应用基础研究": {"value": "12", "study_level_field": "人工标识码", "study_level_name": "应用基础研究", "have_spider": "202301051859"}, "技术开发": {"value": "16", "study_level_field": "人工标识码", "study_level_name": "技术开发", "have_spider": "202301051901"}, "工程研究": {"value": "14", "study_level_field": "人工标识码", "study_level_name": "工程研究", "have_spider": "202301051902"}, "实用工程技术": {"value": "17", "study_level_field": "人工标识码", "study_level_name": "实用工程技术", "have_spider": "202301051902"}, "技术研究-临床医学试验研究": {"value": "131", "study_level_field": "人工标识码", "study_level_name": "技术研究-临床医学试验研究", "have_spider": "202301051902"}}, "subject_info": {"field": "专题子栏目代码", "value": "E072", "subject_name": "肿瘤学"}}, {"study_level": {"技术开发": {"value": "16", "study_level_field": "人工标识码", "study_level_name": "技术开发", "have_spider": "202301051908"}, "工程与项目管理": {"value": "15", "study_level_field": "人工标识码", "study_level_name": "工程与项目管理", "have_spider": "202301051909"}, "技术研究-临床研究": {"value": "132", "study_level_field": "人工标识码", "study_level_name": "技术研究-临床研究", "have_spider": "202301051909"}, "实用工程技术": {"value": "17", "study_level_field": "人工标识码", "study_level_name": "实用工程技术", "have_spider": "202301051910"}, "工程研究": {"value": "14", "study_level_field": "人工标识码", "study_level_name": "工程研究", "have_spider": "202301051910"}, "应用基础研究": {"value": "12", "study_level_field": "人工标识码", "study_level_name": "应用基础研究", "have_spider": "202301051910"}, "技术研究-临床医学试验研究": {"value": "131", "study_level_field": "人工标识码", "study_level_name": "技术研究-临床医学试验研究", "have_spider": "202301051911"}}, "subject_info": {"field": "专题子栏目代码", "value": "E060", "subject_name": "临床医学"}}, {"study_level": {"技术开发": {"value": "16", "study_level_field": "人工标识码", "study_level_name": "技术开发", "have_spider": "202301051913"}, "技术研究-临床研究": {"value": "132", "study_level_field": "人工标识码", "study_level_name": "技术研究-临床研究", "have_spider": "202301051914"}, "技术研究-临床医学试验研究": {"value": "131", "study_level_field": "人工标识码", "study_level_name": "技术研究-临床医学试验研究", "have_spider": "202301051914"}, "实用工程技术": {"value": "17", "study_level_field": "人工标识码", "study_level_name": "实用工程技术", "have_spider": "202301051914"}, "工程与项目管理": {"value": "15", "study_level_field": "人工标识码", "study_level_name": "工程与项目管理", "have_spider": "202301051914"}, "应用基础研究": {"value": "12", "study_level_field": "人工标识码", "study_level_name": "应用基础研究", "have_spider": "202301051915"}}, "subject_info": {"field": "专题子栏目代码", "value": "E066", "subject_name": "外科学"}}, {"study_level": {"技术研究-临床研究": {"value": "132", "study_level_field": "人工标识码", "study_level_name": "技术研究-临床研究", "have_spider": "202301051916"}, "技术开发": {"value": "16", "study_level_field": "人工标识码", "study_level_name": "技术开发", "have_spider": "202301051917"}, "实用工程技术": {"value": "17", "study_level_field": "人工标识码", "study_level_name": "实用工程技术", "have_spider": "202301051917"}, "应用基础研究": {"value": "12", "study_level_field": "人工标识码", "study_level_name": "应用基础研究", "have_spider": "202301051917"}, "工程与项目管理": {"value": "15", "study_level_field": "人工标识码", "study_level_name": "工程与项目管理", "have_spider": "202301051918"}, "技术研究-临床医学试验研究": {"value": "131", "study_level_field": "人工标识码", "study_level_name": "技术研究-临床医学试验研究", "have_spider": "202301051918"}}, "subject_info": {"field": "专题子栏目代码", "value": "E056", "subject_name": "中医学"}}, {"study_level": {"技术开发": {"value": "16", "study_level_field": "人工标识码", "study_level_name": "技术开发", "have_spider": "202301051919"}, "技术研究-临床研究": {"value": "132", "study_level_field": "人工标识码", "study_level_name": "技术研究-临床研究", "have_spider": "202301051922"}, "工程研究": {"value": "14", "study_level_field": "人工标识码", "study_level_name": "工程研究", "have_spider": "202301051923"}, "技术研究-临床医学试验研究": {"value": "131", "study_level_field": "人工标识码", "study_level_name": "技术研究-临床医学试验研究", "have_spider": "202301051923"}}, "subject_info": {"field": "专题子栏目代码", "value": "E069", "subject_name": "儿科学"}}, {"study_level": {"技术研究-临床研究": {"value": "132", "study_level_field": "人工标识码", "study_level_name": "技术研究-临床研究", "have_spider": "202301051923"}, "技术开发": {"value": "16", "study_level_field": "人工标识码", "study_level_name": "技术开发", "have_spider": "202301051924"}, "应用基础研究": {"value": "12", "study_level_field": "人工标识码", "study_level_name": "应用基础研究", "have_spider": "202301051924"}, "实用工程技术": {"value": "17", "study_level_field": "人工标识码", "study_level_name": "实用工程技术", "have_spider": "202301051924"}, "工程研究": {"value": "14", "study_level_field": "人工标识码", "study_level_name": "工程研究", "have_spider": "202301051924"}}, "subject_info": {"field": "专题子栏目代码", "value": "E061", "subject_name": "感染性疾病及传染病"}}, {"study_level": {"技术开发": {"value": "16", "study_level_field": "人工标识码", "study_level_name": "技术开发", "have_spider": "202301051925"}, "技术研究-临床研究": {"value": "132", "study_level_field": "人工标识码", "study_level_name": "技术研究-临床研究", "have_spider": "202301051925"}, "应用基础研究": {"value": "12", "study_level_field": "人工标识码", "study_level_name": "应用基础研究", "have_spider": "202301051926"}, "工程与项目管理": {"value": "15", "study_level_field": "人工标识码", "study_level_name": "工程与项目管理", "have_spider": "202301051926"}, "工程研究": {"value": "14", "study_level_field": "人工标识码", "study_level_name": "工程研究", "have_spider": "202301051926"}}, "subject_info": {"field": "专题子栏目代码", "value": "E065", "subject_name": "内分泌腺及全身性疾病"}}, {"study_level": {"应用基础研究": {"value": "12", "study_level_field": "人工标识码", "study_level_name": "应用基础研究", "have_spider": "202301051928"}, "技术研究-临床研究": {"value": "132", "study_level_field": "人工标识码", "study_level_name": "技术研究-临床研究", "have_spider": "202301051928"}}, "subject_info": {"field": "专题子栏目代码", "value": "E057", "subject_name": "中药学"}}, {"study_level": {"技术研究-临床研究": {"value": "132", "study_level_field": "人工标识码", "study_level_name": "技术研究-临床研究", "have_spider": "202301051929"}, "技术开发": {"value": "16", "study_level_field": "人工标识码", "study_level_name": "技术开发", "have_spider": "202301051929"}, "应用基础研究": {"value": "12", "study_level_field": "人工标识码", "study_level_name": "应用基础研究", "have_spider": "202301051929"}}, "subject_info": {"field": "专题子栏目代码", "value": "E077", "subject_name": "急救医学"}}, {"study_level": {"应用基础研究": {"value": "12", "study_level_field": "人工标识码", "study_level_name": "应用基础研究", "have_spider": "202301051930"}}, "subject_info": {"field": "专题子栏目代码", "value": "E059", "subject_name": "基础医学"}}, {"study_level": {"学科教育教学": {"value": "1R", "study_level_field": "人工标识码", "study_level_name": "学科教育教学", "have_spider": "202301051930"}, "技术开发": {"value": "16", "study_level_field": "人工标识码", "study_level_name": "技术开发", "have_spider": "202301051931"}, "应用基础研究": {"value": "12", "study_level_field": "人工标识码", "study_level_name": "应用基础研究", "have_spider": "202301051931"}, "开发研究-管理研究": {"value": "243", "study_level_field": "人工标识码", "study_level_name": "开发研究-管理研究", "have_spider": "202301051931"}, "工程与项目管理": {"value": "15", "study_level_field": "人工标识码", "study_level_name": "工程与项目管理", "have_spider": "202301051932"}}, "subject_info": {"field": "专题子栏目代码", "value": "E054", "subject_name": "医学教育与医学边缘学科"}}, {"study_level": {"应用基础研究": {"value": "12", "study_level_field": "人工标识码", "study_level_name": "应用基础研究", "have_spider": "202301051932"}, "技术开发": {"value": "16", "study_level_field": "人工标识码", "study_level_name": "技术开发", "have_spider": "202301051932"}, "技术研究-临床研究": {"value": "132", "study_level_field": "人工标识码", "study_level_name": "技术研究-临床研究", "have_spider": "202301051933"}, "工程与项目管理": {"value": "15", "study_level_field": "人工标识码", "study_level_name": "工程与项目管理", "have_spider": "202301051933"}}, "subject_info": {"field": "专题子栏目代码", "value": "E079", "subject_name": "药学"}}, {"study_level": {"技术研究-临床研究": {"value": "132", "study_level_field": "人工标识码", "study_level_name": "技术研究-临床研究", "have_spider": "202301051933"}, "技术开发": {"value": "16", "study_level_field": "人工标识码", "study_level_name": "技术开发", "have_spider": "202301051934"}}, "subject_info": {"field": "专题子栏目代码", "value": "E063", "subject_name": "呼吸系统疾病"}}, {"study_level": {"技术开发": {"value": "16", "study_level_field": "人工标识码", "study_level_name": "技术开发", "have_spider": "202301051934"}, "技术研究-临床研究": {"value": "132", "study_level_field": "人工标识码", "study_level_name": "技术研究-临床研究", "have_spider": "202301051934"}, "技术研究-临床医学试验研究": {"value": "131", "study_level_field": "人工标识码", "study_level_name": "技术研究-临床医学试验研究", "have_spider": "202301051935"}, "工程与项目管理": {"value": "15", "study_level_field": "人工标识码", "study_level_name": "工程与项目管理", "have_spider": "202301051935"}, "工程研究": {"value": "14", "study_level_field": "人工标识码", "study_level_name": "工程研究", "have_spider": "202301051935"}}, "subject_info": {"field": "专题子栏目代码", "value": "E076", "subject_name": "特种医学"}}, {"study_level": {"技术开发": {"value": "16", "study_level_field": "人工标识码", "study_level_name": "技术开发", "have_spider": "202301051936"}, "应用基础研究": {"value": "12", "study_level_field": "人工标识码", "study_level_name": "应用基础研究", "have_spider": "202301051936"}, "技术研究-临床研究": {"value": "132", "study_level_field": "人工标识码", "study_level_name": "技术研究-临床研究", "have_spider": "202301051936"}, "工程研究": {"value": "14", "study_level_field": "人工标识码", "study_level_name": "工程研究", "have_spider": "202301051936"}, "技术研究-临床医学试验研究": {"value": "131", "study_level_field": "人工标识码", "study_level_name": "技术研究-临床医学试验研究", "have_spider": "202301051937"}}, "subject_info": {"field": "专题子栏目代码", "value": "E062", "subject_name": "心血管系统疾病"}}, {"study_level": {"学科教育教学": {"value": "1R", "study_level_field": "人工标识码", "study_level_name": "学科教育教学", "have_spider": "202301051937"}}, "subject_info": {"field": "专题子栏目代码", "value": "H131", "subject_name": "高等教育"}}, {"study_level": {"技术开发": {"value": "16", "study_level_field": "人工标识码", "study_level_name": "技术开发", "have_spider": "202301051937"}, "技术研究-临床研究": {"value": "132", "study_level_field": "人工标识码", "study_level_name": "技术研究-临床研究", "have_spider": "202301051938"}}, "subject_info": {"field": "专题子栏目代码", "value": "E058", "subject_name": "中西医结合"}}, {"study_level": {"技术开发": {"value": "16", "study_level_field": "人工标识码", "study_level_name": "技术开发", "have_spider": "202301051938"}, "技术研究-临床研究": {"value": "132", "study_level_field": "人工标识码", "study_level_name": "技术研究-临床研究", "have_spider": "202301051938"}, "应用基础研究": {"value": "12", "study_level_field": "人工标识码", "study_level_name": "应用基础研究", "have_spider": "202301051938"}}, "subject_info": {"field": "专题子栏目代码", "value": "E071", "subject_name": "精神病学"}}], "2015": [{"study_level": {"技术开发": {"value": "16", "study_level_field": "人工标识码", "study_level_name": "技术开发", "have_spider": "202301051944"}, "技术研究-临床研究": {"value": "132", "study_level_field": "人工标识码", "study_level_name": "技术研究-临床研究", "have_spider": "202301051948"}, "应用基础研究": {"value": "12", "study_level_field": "人工标识码", "study_level_name": "应用基础研究", "have_spider": "202301051948"}, "技术研究-临床医学试验研究": {"value": "131", "study_level_field": "人工标识码", "study_level_name": "技术研究-临床医学试验研究", "have_spider": "202301051949"}, "实用工程技术": {"value": "17", "study_level_field": "人工标识码", "study_level_name": "实用工程技术", "have_spider": "202301051949"}, "工程研究": {"value": "14", "study_level_field": "人工标识码", "study_level_name": "工程研究", "have_spider": "202301051949"}}, "subject_info": {"field": "专题子栏目代码", "value": "E064", "subject_name": "消化系统疾病"}}, {"study_level": {"技术研究-临床研究": {"value": "132", "study_level_field": "人工标识码", "study_level_name": "技术研究-临床研究", "have_spider": "202301051952"}, "应用基础研究": {"value": "12", "study_level_field": "人工标识码", "study_level_name": "应用基础研究", "have_spider": "202301051954"}, "技术开发": {"value": "16", "study_level_field": "人工标识码", "study_level_name": "技术开发", "have_spider": "202301051956"}, "工程研究": {"value": "14", "study_level_field": "人工标识码", "study_level_name": "工程研究", "have_spider": "202301051956"}}, "subject_info": {"field": "专题子栏目代码", "value": "E072", "subject_name": "肿瘤学"}}, {"study_level": {"技术开发": {"value": "16", "study_level_field": "人工标识码", "study_level_name": "技术开发", "have_spider": "202301051959"}, "工程与项目管理": {"value": "15", "study_level_field": "人工标识码", "study_level_name": "工程与项目管理", "have_spider": "202301051959"}, "实用工程技术": {"value": "17", "study_level_field": "人工标识码", "study_level_name": "实用工程技术", "have_spider": "202301052000"}, "工程研究": {"value": "14", "study_level_field": "人工标识码", "study_level_name": "工程研究", "have_spider": "202301052000"}, "技术研究-临床研究": {"value": "132", "study_level_field": "人工标识码", "study_level_name": "技术研究-临床研究", "have_spider": "202301052000"}}, "subject_info": {"field": "专题子栏目代码", "value": "E060", "subject_name": "临床医学"}}, {"study_level": {"技术开发": {"value": "16", "study_level_field": "人工标识码", "study_level_name": "技术开发", "have_spider": "202301052001"}, "技术研究-临床研究": {"value": "132", "study_level_field": "人工标识码", "study_level_name": "技术研究-临床研究", "have_spider": "202301052002"}, "实用工程技术": {"value": "17", "study_level_field": "人工标识码", "study_level_name": "实用工程技术", "have_spider": "202301052002"}, "应用基础研究": {"value": "12", "study_level_field": "人工标识码", "study_level_name": "应用基础研究", "have_spider": "202301052002"}}, "subject_info": {"field": "专题子栏目代码", "value": "E056", "subject_name": "中医学"}}, {"study_level": {"技术开发": {"value": "16", "study_level_field": "人工标识码", "study_level_name": "技术开发", "have_spider": "202301052003"}, "技术研究-临床研究": {"value": "132", "study_level_field": "人工标识码", "study_level_name": "技术研究-临床研究", "have_spider": "202301052004"}, "实用工程技术": {"value": "17", "study_level_field": "人工标识码", "study_level_name": "实用工程技术", "have_spider": "202301052004"}, "应用基础研究": {"value": "12", "study_level_field": "人工标识码", "study_level_name": "应用基础研究", "have_spider": "202301052004"}}, "subject_info": {"field": "专题子栏目代码", "value": "E066", "subject_name": "外科学"}}, {"study_level": {"技术开发": {"value": "16", "study_level_field": "人工标识码", "study_level_name": "技术开发", "have_spider": "202301052005"}, "技术研究-临床研究": {"value": "132", "study_level_field": "人工标识码", "study_level_name": "技术研究-临床研究", "have_spider": "202301052006"}, "应用基础研究": {"value": "12", "study_level_field": "人工标识码", "study_level_name": "应用基础研究", "have_spider": "202301052006"}}, "subject_info": {"field": "专题子栏目代码", "value": "E069", "subject_name": "儿科学"}}, {"study_level": {"技术开发": {"value": "16", "study_level_field": "人工标识码", "study_level_name": "技术开发", "have_spider": "202301052006"}, "技术研究-临床研究": {"value": "132", "study_level_field": "人工标识码", "study_level_name": "技术研究-临床研究", "have_spider": "202301052007"}, "应用基础研究": {"value": "12", "study_level_field": "人工标识码", "study_level_name": "应用基础研究", "have_spider": "202301052007"}}, "subject_info": {"field": "专题子栏目代码", "value": "E061", "subject_name": "感染性疾病及传染病"}}, {"study_level": {"技术研究-临床研究": {"value": "132", "study_level_field": "人工标识码", "study_level_name": "技术研究-临床研究", "have_spider": "202301052007"}, "技术开发": {"value": "16", "study_level_field": "人工标识码", "study_level_name": "技术开发", "have_spider": "202301052008"}, "应用基础研究": {"value": "12", "study_level_field": "人工标识码", "study_level_name": "应用基础研究", "have_spider": "202301052008"}}, "subject_info": {"field": "专题子栏目代码", "value": "E065", "subject_name": "内分泌腺及全身性疾病"}}, {"study_level": {"应用基础研究": {"value": "12", "study_level_field": "人工标识码", "study_level_name": "应用基础研究", "have_spider": "202301052008"}, "技术研究-临床研究": {"value": "132", "study_level_field": "人工标识码", "study_level_name": "技术研究-临床研究", "have_spider": "202301052009"}}, "subject_info": {"field": "专题子栏目代码", "value": "E057", "subject_name": "中药学"}}, {"study_level": {"应用基础研究": {"value": "12", "study_level_field": "人工标识码", "study_level_name": "应用基础研究", "have_spider": "202301052010"}, "技术研究-临床医学试验研究": {"value": "131", "study_level_field": "人工标识码", "study_level_name": "技术研究-临床医学试验研究", "have_spider": "202301052011"}, "技术研究-临床研究": {"value": "132", "study_level_field": "人工标识码", "study_level_name": "技术研究-临床研究", "have_spider": "202301052011"}}, "subject_info": {"field": "专题子栏目代码", "value": "E059", "subject_name": "基础医学"}}, {"study_level": {"学科教育教学": {"value": "2R", "study_level_field": "人工标识码", "study_level_name": "学科教育教学", "have_spider": "202301052011"}, "技术开发": {"value": "16", "study_level_field": "人工标识码", "study_level_name": "技术开发", "have_spider": "202301052011"}, "开发研究-管理研究": {"value": "243", "study_level_field": "人工标识码", "study_level_name": "开发研究-管理研究", "have_spider": "202301052012"}, "应用研究": {"value": "23", "study_level_field": "人工标识码", "study_level_name": "应用研究", "have_spider": "202301052012"}, "工程与项目管理": {"value": "15", "study_level_field": "人工标识码", "study_level_name": "工程与项目管理", "have_spider": "202301052012"}}, "subject_info": {"field": "专题子栏目代码", "value": "E054", "subject_name": "医学教育与医学边缘学科"}}, {"study_level": {"工程研究": {"value": "14", "study_level_field": "人工标识码", "study_level_name": "工程研究", "have_spider": "202301052012"}, "技术研究-临床研究": {"value": "132", "study_level_field": "人工标识码", "study_level_name": "技术研究-临床研究", "have_spider": "202301052013"}, "技术开发": {"value": "16", "study_level_field": "人工标识码", "study_level_name": "技术开发", "have_spider": "202301052013"}, "应用基础研究": {"value": "12", "study_level_field": "人工标识码", "study_level_name": "应用基础研究", "have_spider": "202301052013"}}, "subject_info": {"field": "专题子栏目代码", "value": "E076", "subject_name": "特种医学"}}, {"study_level": {"技术开发": {"value": "16", "study_level_field": "人工标识码", "study_level_name": "技术开发", "have_spider": "202301052013"}, "技术研究-临床研究": {"value": "132", "study_level_field": "人工标识码", "study_level_name": "技术研究-临床研究", "have_spider": "202301052014"}}, "subject_info": {"field": "专题子栏目代码", "value": "E079", "subject_name": "药学"}}, {"study_level": {"技术开发": {"value": "16", "study_level_field": "人工标识码", "study_level_name": "技术开发", "have_spider": "202301052014"}, "技术研究-临床研究": {"value": "132", "study_level_field": "人工标识码", "study_level_name": "技术研究-临床研究", "have_spider": "202301052014"}, "技术研究-临床医学试验研究": {"value": "131", "study_level_field": "人工标识码", "study_level_name": "技术研究-临床医学试验研究", "have_spider": "202301052015"}}, "subject_info": {"field": "专题子栏目代码", "value": "E062", "subject_name": "心血管系统疾病"}}, {"study_level": {"技术开发": {"value": "16", "study_level_field": "人工标识码", "study_level_name": "技术开发", "have_spider": "202301052015"}, "技术研究-临床研究": {"value": "132", "study_level_field": "人工标识码", "study_level_name": "技术研究-临床研究", "have_spider": "202301052015"}}, "subject_info": {"field": "专题子栏目代码", "value": "E063", "subject_name": "呼吸系统疾病"}}, {"study_level": {"学科教育教学": {"value": "1R", "study_level_field": "人工标识码", "study_level_name": "学科教育教学", "have_spider": "202301052016"}, "应用研究": {"value": "23", "study_level_field": "人工标识码", "study_level_name": "应用研究", "have_spider": "202301052017"}}, "subject_info": {"field": "专题子栏目代码", "value": "H131", "subject_name": "高等教育"}}, {"study_level": {"技术开发": {"value": "16", "study_level_field": "人工标识码", "study_level_name": "技术开发", "have_spider": "202301052017"}, "技术研究-临床研究": {"value": "132", "study_level_field": "人工标识码", "study_level_name": "技术研究-临床研究", "have_spider": "202301052017"}}, "subject_info": {"field": "专题子栏目代码", "value": "E067", "subject_name": "泌尿科学"}}, {"study_level": {"技术开发": {"value": "16", "study_level_field": "人工标识码", "study_level_name": "技术开发", "have_spider": "202301052018"}, "技术研究-临床研究": {"value": "132", "study_level_field": "人工标识码", "study_level_name": "技术研究-临床研究", "have_spider": "202301052018"}, "应用基础研究": {"value": "12", "study_level_field": "人工标识码", "study_level_name": "应用基础研究", "have_spider": "202301052018"}}, "subject_info": {"field": "专题子栏目代码", "value": "E077", "subject_name": "急救医学"}}, {"study_level": {"技术开发": {"value": "16", "study_level_field": "人工标识码", "study_level_name": "技术开发", "have_spider": "202301052018"}}, "subject_info": {"field": "专题子栏目代码", "value": "E058", "subject_name": "中西医结合"}}]}