[{"mode": "参考文献", "keywords": "病", "max_year": 2022, "min_year": 2009, "max_page": 300, "page_size": 100, "have_start": 1, "have_end": 1, "is_running": 0, "level": 1, "cur_year": "2010"}, {"mode": "参考文献", "keywords": "手术", "max_year": 2022, "min_year": 2015, "max_page": 300, "page_size": 100, "have_start": 1, "have_end": 0, "is_running": 1, "level": 0, "cur_year": "2022"}, {"mode": "参考文献", "keywords": "症状", "max_year": 2022, "min_year": 2009, "max_page": 300, "page_size": 100, "have_start": 1, "have_end": 0, "is_running": 0, "level": 3, "cur_year": "2022"}]